{'pdb1': '3c9a.pdb', 'pdb2': '1jl9.pdb', 'aln': 'seq.aln.fasta', 'pop': 100, 'gen': 100, 'rec': 0.7, 'mut': 0.7}
3.683786777636024,3.683786777636024,3.604711443559518,3.1004796009734226,2.8788976489297355,2.8788976489297355,2.8788976489297355,2.8788976489297355,2.8788976489297355,2.8788976489297355,2.8788976489297355,2.8788976489297355,2.8788976489297355,2.8788976489297355,2.8515386797327826,2.8515386797327826,2.8515386797327826,2.8515386797327826,2.7897157181950774,2.775192515636816,2.775192515636816,2.775192515636816,2.775192515636816,2.775192515636816,2.775192515636816,2.775192515636816,2.775192515636816,2.775192515636816,2.775192515636816,2.775192515636816,2.775192515636816,2.775192515636816,2.775192515636816,2.775192515636816,2.775192515636816,2.775192515636816,2.775192515636816,2.775192515636816,2.7348410970520907,2.7348410970520907,2.7348410970520907,2.7348410970520907,2.734703388667091,2.734703388667091,2.734703388667091,2.734703388667091,2.734703388667091,2.734703388667091,2.734703388667091,2.734703388667091,2.734703388667091,2.734703388667091,2.731877022516155,2.731877022516155,2.731877022516155,2.731877022516155,2.731877022516155,2.731877022516155,2.731877022516155,2.731877022516155,2.731877022516155,2.731877022516155,2.731877022516155,2.731877022516155,2.731581532115656,2.731581532115656,2.731581532115656,2.731581532115656,2.731053064986777,2.731053064986777,2.731053064986777,2.731053064986777,2.731053064986777,2.731053064986777,2.731053064986777,2.731053064986777,2.731053064986777,2.731053064986777,2.731053064986777,2.731053064986777,2.731053064986777,2.731053064986777,2.731053064986777,2.7093515128591736,2.7093515128591736,2.7093515128591736,2.7093515128591736,2.7093515128591736,2.7093515128591736,2.7093515128591736,2.7093515128591736,2.7093515128591736,2.7093515128591736,2.7093515128591736,2.7093515128591736,2.7093515128591736,2.7093515128591736,2.7093515128591736,2.7093515128591736,2.7093515128591736
4.01506515446888,4.01506515446888,4.01506515446888,3.052209151734121,3.0337825853009774,3.0337825853009774,3.0337825853009774,2.977066456045992,2.977066456045992,2.977066456045992,2.977066456045992,2.977066456045992,2.977066456045992,2.977066456045992,2.977066456045992,2.937054596270287,2.937054596270287,2.937054596270287,2.937054596270287,2.937054596270287,2.937054596270287,2.937054596270287,2.937054596270287,2.937054596270287,2.8726513729614296,2.8726513729614296,2.8726513729614296,2.8726513729614296,2.8726513729614296,2.8726513729614296,2.8726513729614296,2.8726513729614296,2.8726513729614296,2.8726513729614296,2.8726513729614296,2.8726513729614296,2.8726513729614296,2.8726513729614296,2.8726513729614296,2.822513212203275,2.822513212203275,2.822513212203275,2.822513212203275,2.822513212203275,2.822513212203275,2.822513212203275,2.822513212203275,2.822513212203275,2.822513212203275,2.822513212203275,2.8021356390923655,2.8021356390923655,2.8021356390923655,2.8021356390923655,2.8021356390923655,2.8021356390923655,2.8021356390923655,2.8021356390923655,2.8021356390923655,2.797151701553712,2.792202136653732,2.792202136653732,2.792202136653732,2.792202136653732,2.792202136653732,2.792202136653732,2.792202136653732,2.792202136653732,2.792202136653732,2.792202136653732,2.792202136653732,2.792202136653732,2.792202136653732,2.792202136653732,2.722463626088975,2.722463626088975,2.7083943975653866,2.7083943975653866,2.7083943975653866,2.705503277656663,2.705503277656663,2.705503277656663,2.705503277656663,2.705503277656663,2.705503277656663,2.705503277656663,2.705503277656663,2.705503277656663,2.705503277656663,2.705503277656663,2.705503277656663,2.705503277656663,2.705503277656663,2.705503277656663,2.705503277656663,2.705503277656663,2.705503277656663,2.705503277656663,2.705503277656663,2.705503277656663
3.2968994092097486,3.2968994092097486,3.109101630545964,3.0986322892289406,3.0986322892289406,3.0986322892289406,3.0986322892289406,3.0986322892289406,3.0986322892289406,3.0986322892289406,2.7871285613067243,2.765599099727808,2.765599099727808,2.765599099727808,2.765599099727808,2.765599099727808,2.765599099727808,2.765599099727808,2.765599099727808,2.765599099727808,2.765599099727808,2.765599099727808,2.765599099727808,2.765599099727808,2.765599099727808,2.765599099727808,2.765599099727808,2.765599099727808,2.765599099727808,2.765599099727808,2.765599099727808,2.765599099727808,2.765599099727808,2.765599099727808,2.765599099727808,2.765599099727808,2.765599099727808,2.765599099727808,2.765599099727808,2.7519050248318018,2.7519050248318018,2.736335932141363,2.736335932141363,2.736335932141363,2.736335932141363,2.736335932141363,2.736335932141363,2.736335932141363,2.736335932141363,2.736335932141363,2.736335932141363,2.736335932141363,2.736335932141363,2.736335932141363,2.736335932141363,2.736335932141363,2.736335932141363,2.736335932141363,2.736335932141363,2.723447955540044,2.723447955540044,2.723447955540044,2.723447955540044,2.723447955540044,2.723447955540044,2.723447955540044,2.723447955540044,2.723447955540044,2.723447955540044,2.723447955540044,2.723447955540044,2.723447955540044,2.723447955540044,2.723447955540044,2.723447955540044,2.723447955540044,2.723447955540044,2.723447955540044,2.723447955540044,2.723447955540044,2.723447955540044,2.723447955540044,2.723447955540044,2.723447955540044,2.723447955540044,2.723447955540044,2.723447955540044,2.723447955540044,2.723447955540044,2.723447955540044,2.723447955540044,2.7228130428873416,2.7228130428873416,2.7228130428873416,2.7228130428873416,2.7228130428873416,2.7228130428873416,2.7228130428873416,2.7228130428873416,2.7228130428873416
3.773273823196023,3.773273823196023,3.773273823196023,3.2313011286450815,2.7852420567936154,2.7852420567936154,2.7852420567936154,2.7852420567936154,2.7852420567936154,2.7852420567936154,2.7852420567936154,2.7852420567936154,2.7852420567936154,2.7852420567936154,2.7852420567936154,2.7457749605149107,2.7457749605149107,2.7457749605149107,2.7457749605149107,2.7457749605149107,2.7457749605149107,2.7457749605149107,2.7457749605149107,2.7457749605149107,2.7457749605149107,2.7457749605149107,2.7457749605149107,2.7457749605149107,2.7457749605149107,2.7457749605149107,2.7457749605149107,2.7457749605149107,2.7457749605149107,2.7457749605149107,2.7457749605149107,2.7457749605149107,2.7457749605149107,2.7457749605149107,2.7457749605149107,2.7089500660255985,2.7089500660255985,2.7089500660255985,2.7089500660255985,2.7089500660255985,2.7089500660255985,2.7089500660255985,2.7089500660255985,2.704352707530804,2.704352707530804,2.704352707530804,2.704352707530804,2.704352707530804,2.704352707530804,2.704352707530804,2.704352707530804,2.704352707530804,2.704352707530804,2.704352707530804,2.704352707530804,2.704352707530804,2.704352707530804,2.704352707530804,2.704352707530804,2.704352707530804,2.704352707530804,2.704352707530804,2.704352707530804,2.704352707530804,2.704352707530804,2.704352707530804,2.704352707530804,2.704352707530804,2.704352707530804,2.704352707530804,2.704352707530804,2.704352707530804,2.704352707530804,2.704352707530804,2.704352707530804,2.704352707530804,2.704352707530804,2.7041722186724853,2.7041722186724853,2.7041722186724853,2.7038344021256657,2.7038344021256657,2.7038344021256657,2.7038344021256657,2.7038344021256657,2.7038344021256657,2.7038344021256657,2.7038344021256657,2.7038344021256657,2.7038344021256657,2.7038344021256657,2.7038344021256657,2.703805597687466,2.703805597687466,2.703805597687466,2.703805597687466
4.2689591016586625,3.9573194046305513,3.9573194046305513,3.9573194046305513,3.9573194046305513,2.7914759666461566,2.7914759666461566,2.7914759666461566,2.7914759666461566,2.7914759666461566,2.7914759666461566,2.7914759666461566,2.7914759666461566,2.7914759666461566,2.7914759666461566,2.7914759666461566,2.7914759666461566,2.7914759666461566,2.7914759666461566,2.7914759666461566,2.7914759666461566,2.7914759666461566,2.7914759666461566,2.7914759666461566,2.7914759666461566,2.7914759666461566,2.7914759666461566,2.7914759666461566,2.7914759666461566,2.7914759666461566,2.7914759666461566,2.7914759666461566,2.7914759666461566,2.7914759666461566,2.7914759666461566,2.7914759666461566,2.7886354092927332,2.7886354092927332,2.7886354092927332,2.7886354092927332,2.7886354092927332,2.7268503593269027,2.7268503593269027,2.7268503593269027,2.7249805908565192,2.7249805908565192,2.7249805908565192,2.7249805908565192,2.7249805908565192,2.7249805908565192,2.7249805908565192,2.7249805908565192,2.7249805908565192,2.7249805908565192,2.712717318112118,2.712717318112118,2.712717318112118,2.712717318112118,2.712717318112118,2.712717318112118,2.712717318112118,2.712717318112118,2.712717318112118,2.712717318112118,2.712717318112118,2.712717318112118,2.712717318112118,2.712717318112118,2.712717318112118,2.712717318112118,2.712717318112118,2.712717318112118,2.712717318112118,2.712717318112118,2.712717318112118,2.712717318112118,2.712717318112118,2.712717318112118,2.712717318112118,2.712717318112118,2.712717318112118,2.712717318112118,2.712717318112118,2.712717318112118,2.712717318112118,2.712717318112118,2.712717318112118,2.712717318112118,2.712717318112118,2.712717318112118,2.712717318112118,2.712717318112118,2.712717318112118,2.712717318112118,2.712717318112118,2.712717318112118,2.712717318112118,2.712717318112118,2.712717318112118,2.712717318112118
{'pdb1': '3c9a.pdb', 'pdb2': '1jl9.pdb', 'aln': 'seq.aln.fasta', 'pop': 3, 'gen': 100, 'rec': 0.7, 'mut': 0.7}
9.733639491037916,9.733639491037916,9.733639491037916,9.733639491037916,9.733639491037916,9.733639491037916,9.733639491037916,9.733639491037916,9.733639491037916,9.733639491037916,9.733639491037916,9.631599639902383,9.631599639902383,7.549205919384276,7.549205919384276,7.549205919384276,4.214939260872052,4.214939260872052,4.214939260872052,3.5946191189042556,3.5946191189042556,3.5946191189042556,3.5946191189042556,3.5946191189042556,3.5946191189042556,3.5946191189042556,3.5946191189042556,3.5946191189042556,3.5946191189042556,3.5946191189042556,3.5946191189042556,3.5946191189042556,3.5946191189042556,3.5946191189042556,3.5946191189042556,3.5946191189042556,3.5946191189042556,3.5946191189042556,3.5946191189042556,3.5946191189042556,3.5946191189042556,3.5946191189042556,3.5946191189042556,3.5946191189042556,3.4598404655737514,3.4598404655737514,3.4598404655737514,3.4598404655737514,3.4598404655737514,3.4598404655737514,3.4598404655737514,3.4598404655737514,3.4598404655737514,3.4598404655737514,3.4598404655737514,3.4598404655737514,3.4598404655737514,3.4598404655737514,3.255638141524414,3.255638141524414,3.255638141524414,3.255638141524414,3.255638141524414,3.255638141524414,3.255638141524414,3.255638141524414,3.255638141524414,3.255638141524414,3.255638141524414,3.255638141524414,3.255638141524414,3.255638141524414,3.255638141524414,3.255638141524414,3.255638141524414,3.255638141524414,3.255638141524414,3.255638141524414,3.255638141524414,3.255638141524414,3.255638141524414,3.255638141524414,3.255638141524414,3.255638141524414,3.255638141524414,3.255638141524414,3.255638141524414,3.255638141524414,3.255638141524414,3.255638141524414,3.255638141524414,3.255638141524414,3.255638141524414,3.255638141524414,3.255638141524414,3.255638141524414,3.255638141524414,3.255638141524414,3.255638141524414,3.255638141524414
12.500522248911365,12.500522248911365,8.827938173609857,8.827938173609857,8.608383413911959,8.608383413911959,5.518627183385565,5.518627183385565,5.518627183385565,5.028591407565333,5.028591407565333,5.028591407565333,4.450021703084361,4.450021703084361,4.450021703084361,4.450021703084361,3.783129758263132,3.783129758263132,3.783129758263132,3.783129758263132,3.783129758263132,3.783129758263132,3.783129758263132,3.783129758263132,3.783129758263132,3.783129758263132,3.783129758263132,3.783129758263132,3.5208902955965016,3.5208902955965016,3.5208902955965016,3.5208902955965016,3.5208902955965016,3.5208902955965016,3.5208902955965016,3.5208902955965016,3.5208902955965016,3.5208902955965016,3.5208902955965016,3.5208902955965016,3.5208902955965016,3.5208902955965016,3.5208902955965016,3.5208902955965016,3.509824242778046,3.509824242778046,3.509824242778046,3.509824242778046,3.509824242778046,3.509824242778046,3.509824242778046,3.509824242778046,3.509824242778046,3.509824242778046,3.509824242778046,3.509824242778046,3.509824242778046,3.509824242778046,3.509824242778046,3.509824242778046,3.509824242778046,3.509824242778046,3.509824242778046,3.509824242778046,3.509824242778046,3.509824242778046,3.509824242778046,3.509824242778046,3.509824242778046,3.509824242778046,3.509824242778046,3.509824242778046,3.509824242778046,3.509824242778046,3.509824242778046,3.509824242778046,3.5075756277382686,3.5075756277382686,3.5075756277382686,3.5075756277382686,3.5075756277382686,3.5075756277382686,3.5075756277382686,3.5075756277382686,3.5075756277382686,3.5075756277382686,3.5075756277382686,3.5075756277382686,3.467288250352352,3.450289879637271,3.450289879637271,3.450289879637271,3.450289879637271,3.450289879637271,3.450289879637271,3.450289879637271,3.450289879637271,3.450289879637271,3.450289879637271,3.450289879637271
9.142957312278599,4.184185332176718,4.184185332176718,4.184185332176718,4.184185332176718,4.184185332176718,4.184185332176718,4.184185332176718,4.184185332176718,4.184185332176718,4.184185332176718,4.184185332176718,4.184185332176718,4.184185332176718,4.184185332176718,4.184185332176718,4.184185332176718,4.184185332176718,4.184185332176718,4.184185332176718,3.9579825263355546,3.9579825263355546,3.9579825263355546,3.9579825263355546,3.9579825263355546,3.264101075356,3.264101075356,3.264101075356,3.264101075356,3.264101075356,3.264101075356,3.264101075356,3.264101075356,3.264101075356,3.264101075356,3.264101075356,3.264101075356,3.264101075356,3.264101075356,3.264101075356,3.264101075356,3.264101075356,3.264101075356,3.264101075356,3.264101075356,3.264101075356,3.264101075356,3.264101075356,2.952866645473545,2.952866645473545,2.952866645473545,2.952866645473545,2.952866645473545,2.952866645473545,2.952866645473545,2.952866645473545,2.952866645473545,2.952866645473545,2.952866645473545,2.952866645473545,2.952866645473545,2.952866645473545,2.952866645473545,2.952866645473545,2.952866645473545,2.952866645473545,2.952866645473545,2.952866645473545,2.952866645473545,2.952866645473545,2.952866645473545,2.952866645473545,2.952866645473545,2.952866645473545,2.952866645473545,2.952866645473545,2.952866645473545,2.952866645473545,2.952866645473545,2.952866645473545,2.952866645473545,2.952866645473545,2.952866645473545,2.952866645473545,2.952866645473545,2.952866645473545,2.952866645473545,2.952866645473545,2.952866645473545,2.952866645473545,2.952866645473545,2.952866645473545,2.952866645473545,2.952866645473545,2.952866645473545,2.952866645473545,2.952866645473545,2.952866645473545,2.952866645473545,2.952866645473545
8.290476578839415,4.457377940885774,4.457377940885774,4.457377940885774,4.457377940885774,4.457377940885774,4.457377940885774,4.457377940885774,4.457377940885774,4.457377940885774,4.457377940885774,4.457377940885774,4.457377940885774,4.457377940885774,4.457377940885774,4.457377940885774,4.457377940885774,4.457377940885774,4.457377940885774,4.457377940885774,4.457377940885774,4.457377940885774,4.457377940885774,4.457377940885774,4.457377940885774,4.457377940885774,4.457377940885774,4.457377940885774,4.457377940885774,4.457377940885774,4.457377940885774,4.457377940885774,4.457377940885774,4.457377940885774,4.457377940885774,4.457377940885774,4.457377940885774,4.092832579708349,3.9221419518099547,3.9221419518099547,3.824552047464513,3.824552047464513,3.824552047464513,3.824552047464513,3.824552047464513,3.824552047464513,3.824552047464513,3.824552047464513,3.824552047464513,3.824552047464513,3.824552047464513,3.824552047464513,3.824552047464513,3.824552047464513,3.824552047464513,3.824552047464513,3.7263364537380217,3.7263364537380217,3.7263364537380217,3.7263364537380217,3.7263364537380217,3.7263364537380217,3.5557705196806415,3.5557705196806415,3.5557705196806415,3.5557705196806415,3.5557705196806415,3.5557705196806415,3.5557705196806415,3.5557705196806415,3.5557705196806415,3.5557705196806415,3.5557705196806415,3.5557705196806415,3.5557705196806415,3.5557705196806415,3.5557705196806415,3.5557705196806415,3.5557705196806415,3.5557705196806415,3.5557705196806415,3.5557705196806415,3.5557705196806415,3.5557705196806415,3.5557705196806415,3.5557705196806415,3.5557705196806415,3.5557705196806415,3.5557705196806415,3.5557705196806415,3.5557705196806415,3.5557705196806415,3.5557705196806415,3.5557705196806415,3.209418580752415,3.209418580752415,3.209418580752415,3.209418580752415,3.209418580752415,3.209418580752415
5.443299705122457,4.094716516162329,3.14925346373223,3.14925346373223,3.14925346373223,3.14925346373223,3.14925346373223,3.14925346373223,3.14925346373223,3.14925346373223,3.14925346373223,3.14925346373223,3.14925346373223,3.14925346373223,3.14925346373223,3.14925346373223,3.14925346373223,3.14925346373223,3.14925346373223,3.14925346373223,3.14925346373223,3.14925346373223,3.14925346373223,3.14925346373223,3.14925346373223,3.14925346373223,3.14925346373223,3.14925346373223,3.14925346373223,3.14925346373223,3.14925346373223,3.14925346373223,3.14925346373223,3.14925346373223,3.14925346373223,3.14925346373223,3.14925346373223,3.14925346373223,3.14925346373223,3.14925346373223,3.14925346373223,3.14925346373223,3.14925346373223,3.14925346373223,3.14925346373223,3.14925346373223,3.14925346373223,3.14925346373223,3.14925346373223,3.14925346373223,3.14925346373223,3.14925346373223,3.14925346373223,3.14925346373223,3.14925346373223,3.14925346373223,3.14925346373223,3.14925346373223,3.14925346373223,3.14925346373223,3.14925346373223,3.14925346373223,3.14925346373223,3.14925346373223,3.14925346373223,3.14925346373223,3.14925346373223,3.14925346373223,3.14925346373223,3.14925346373223,3.14925346373223,3.14925346373223,3.14925346373223,3.14925346373223,3.14925346373223,3.14925346373223,3.14925346373223,3.14925346373223,3.14925346373223,3.14925346373223,3.14925346373223,3.1204089085687703,3.1204089085687703,2.898495599959369,2.898495599959369,2.898495599959369,2.898495599959369,2.898495599959369,2.898495599959369,2.898495599959369,2.898495599959369,2.898495599959369,2.898495599959369,2.898495599959369,2.898495599959369,2.898495599959369,2.898495599959369,2.898495599959369,2.898495599959369,2.898495599959369
{'pdb1': '3c9a.pdb', 'pdb2': '1jl9.pdb', 'aln': 'seq.aln.fasta', 'pop': 100, 'gen': 5, 'rec': 0.7, 'mut': 0.7}
3.6596470017287466,3.6596470017287466,3.652399128340838,3.6084392769495803,3.5727760364748806
3.8881275035421745,3.442932699653179,3.442932699653179,3.442932699653179,3.0663364131382913
3.216389700773426,3.216389700773426,3.216389700773426,3.216389700773426,3.037854064305413
3.8823071833966325,3.2211913063605833,3.2211913063605833,2.8020077563621966,2.7312654219672656
4.197152570348033,2.979696713500628,2.979696713500628,2.979696713500628,2.979696713500628
{'pdb1': '3c9a.pdb', 'pdb2': '1jl9.pdb', 'aln': 'seq.aln.fasta', 'pop': 100, 'gen': 100, 'rec': 0, 'mut': 0.7}
3.982174741006813,3.982174741006813,3.0301840321550264,3.0301840321550264,3.0301840321550264,3.0301840321550264,3.0301840321550264,3.0301840321550264,3.0301840321550264,3.0301840321550264,2.8550164618606724,2.8550164618606724,2.8550164618606724,2.8550164618606724,2.85366298678576,2.85366298678576,2.85366298678576,2.85366298678576,2.7455738910025005,2.7455738910025005,2.7455738910025005,2.7455738910025005,2.7455738910025005,2.7455738910025005,2.7455738910025005,2.7455738910025005,2.7455738910025005,2.7455738910025005,2.7455738910025005,2.7455738910025005,2.7455738910025005,2.7455738910025005,2.7455738910025005,2.7455738910025005,2.7455738910025005,2.7455738910025005,2.7455738910025005,2.7455738910025005,2.7455738910025005,2.7455738910025005,2.7455738910025005,2.7455738910025005,2.7455738910025005,2.7455738910025005,2.7455738910025005,2.7455738910025005,2.7455738910025005,2.7455738910025005,2.7455738910025005,2.7455738910025005,2.7455738910025005,2.7455738910025005,2.7455738910025005,2.7455738910025005,2.7455738910025005,2.7455738910025005,2.7455738910025005,2.7455738910025005,2.7455738910025005,2.7455738910025005,2.7455738910025005,2.7455738910025005,2.7455738910025005,2.7455738910025005,2.7455738910025005,2.7455738910025005,2.7455738910025005,2.7455738910025005,2.7455738910025005,2.7455738910025005,2.7455738910025005,2.7455738910025005,2.7455738910025005,2.7455738910025005,2.7455738910025005,2.7455738910025005,2.7455738910025005,2.7455738910025005,2.7455738910025005,2.7455738910025005,2.7455738910025005,2.7455738910025005,2.7455738910025005,2.7455738910025005,2.7455738910025005,2.7455738910025005,2.7455738910025005,2.7455738910025005,2.7455738910025005,2.7455738910025005,2.7455738910025005,2.7455738910025005,2.7455738910025005,2.7455738910025005,2.7455738910025005,2.7050577904769306,2.7050577904769306,2.7050577904769306,2.7050577904769306,2.7050577904769306
3.388405067088173,3.388405067088173,3.388405067088173,3.388405067088173,3.388405067088173,3.388405067088173,3.388405067088173,3.388405067088173,3.388405067088173,3.388405067088173,3.388405067088173,3.388405067088173,3.195033814368646,3.195033814368646,3.195033814368646,2.8793729668743366,2.8793729668743366,2.8793729668743366,2.8793729668743366,2.8793729668743366,2.8793729668743366,2.8793729668743366,2.8793729668743366,2.8793729668743366,2.8793729668743366,2.8793729668743366,2.8793729668743366,2.8793729668743366,2.8793729668743366,2.8793729668743366,2.8793729668743366,2.8793729668743366,2.8793729668743366,2.8793729668743366,2.8793729668743366,2.8793729668743366,2.8377218162949123,2.8377218162949123,2.8377218162949123,2.8377218162949123,2.8377218162949123,2.8377218162949123,2.8377218162949123,2.729442708015573,2.729442708015573,2.720386486010996,2.720386486010996,2.720386486010996,2.720386486010996,2.720386486010996,2.720386486010996,2.720386486010996,2.720386486010996,2.720386486010996,2.720386486010996,2.720386486010996,2.720386486010996,2.720386486010996,2.720386486010996,2.720386486010996,2.720386486010996,2.720386486010996,2.720386486010996,2.720386486010996,2.720386486010996,2.720386486010996,2.720386486010996,2.720386486010996,2.720386486010996,2.720386486010996,2.720386486010996,2.720386486010996,2.720386486010996,2.720386486010996,2.720386486010996,2.720386486010996,2.7191166215810294,2.7191166215810294,2.7191166215810294,2.7191166215810294,2.7191166215810294,2.7191166215810294,2.7191166215810294,2.7191166215810294,2.7191166215810294,2.7191166215810294,2.7191166215810294,2.7191166215810294,2.7191166215810294,2.7191166215810294,2.7191166215810294,2.7191166215810294,2.7191166215810294,2.7186039349669553,2.7186039349669553,2.7186039349669553,2.7186039349669553,2.7186039349669553,2.7186039349669553,2.7186039349669553
4.049466820802476,4.049466820802476,4.002027018191044,3.2910670824107213,3.2910670824107213,3.2910670824107213,3.2910670824107213,3.2910670824107213,3.2910670824107213,3.2910670824107213,3.2910670824107213,3.2910670824107213,3.2910670824107213,3.2910670824107213,3.046150854477101,3.046150854477101,3.046150854477101,3.046150854477101,3.046150854477101,3.046150854477101,3.046150854477101,3.046150854477101,3.046150854477101,3.046150854477101,3.046150854477101,3.046150854477101,3.046150854477101,3.046150854477101,3.046150854477101,3.046150854477101,3.046150854477101,3.046150854477101,3.046150854477101,3.046150854477101,2.797464821033549,2.797464821033549,2.797464821033549,2.797464821033549,2.797464821033549,2.797464821033549,2.797464821033549,2.797464821033549,2.797464821033549,2.797464821033549,2.797464821033549,2.797464821033549,2.797464821033549,2.797464821033549,2.797464821033549,2.797464821033549,2.797464821033549,2.797464821033549,2.790936595666776,2.790936595666776,2.790936595666776,2.790936595666776,2.790936595666776,2.790936595666776,2.790936595666776,2.790936595666776,2.790936595666776,2.790936595666776,2.790936595666776,2.790936595666776,2.790936595666776,2.790936595666776,2.785837326336151,2.785837326336151,2.785837326336151,2.785837326336151,2.785837326336151,2.785837326336151,2.785837326336151,2.785837326336151,2.785837326336151,2.785837326336151,2.785837326336151,2.785837326336151,2.785837326336151,2.785837326336151,2.785837326336151,2.785837326336151,2.785837326336151,2.785837326336151,2.785837326336151,2.785837326336151,2.785837326336151,2.785837326336151,2.785837326336151,2.785837326336151,2.785837326336151,2.785837326336151,2.785837326336151,2.785837326336151,2.785837326336151,2.785837326336151,2.785837326336151,2.785837326336151,2.785837326336151,2.785837326336151
3.465223122813664,3.465223122813664,3.465223122813664,3.465223122813664,3.465223122813664,3.465223122813664,3.465223122813664,3.3227226312739018,3.3147103524201613,3.3147103524201613,3.3147103524201613,3.3147103524201613,3.285242787015613,3.285242787015613,3.285242787015613,3.285242787015613,3.285242787015613,3.285242787015613,3.285242787015613,3.285242787015613,3.0972366718206388,3.0972366718206388,3.0972366718206388,3.0972366718206388,2.993430816513232,2.993430816513232,2.993430816513232,2.94711581853548,2.94711581853548,2.94711581853548,2.94711581853548,2.94711581853548,2.94711581853548,2.94711581853548,2.94711581853548,2.94711581853548,2.94711581853548,2.94711581853548,2.94711581853548,2.94711581853548,2.94711581853548,2.94711581853548,2.94711581853548,2.94711581853548,2.94711581853548,2.94711581853548,2.94711581853548,2.7978416941988855,2.7978416941988855,2.7978416941988855,2.7978416941988855,2.7978416941988855,2.7978416941988855,2.7978416941988855,2.7978416941988855,2.7978416941988855,2.7978416941988855,2.7978416941988855,2.7978416941988855,2.7978416941988855,2.7978416941988855,2.7978416941988855,2.7978416941988855,2.7978416941988855,2.7978416941988855,2.7978416941988855,2.7978416941988855,2.7978416941988855,2.7978416941988855,2.7978416941988855,2.7978416941988855,2.7978416941988855,2.7978416941988855,2.7978416941988855,2.7978416941988855,2.7978416941988855,2.7978416941988855,2.7978416941988855,2.7978416941988855,2.7978416941988855,2.7978416941988855,2.7978416941988855,2.7978416941988855,2.7978416941988855,2.7978416941988855,2.7978416941988855,2.7978416941988855,2.7978416941988855,2.7978416941988855,2.7978416941988855,2.7978416941988855,2.7978416941988855,2.7524100650915857,2.7524100650915857,2.7524100650915857,2.7524100650915857,2.7524100650915857,2.7524100650915857,2.7524100650915857,2.7524100650915857
4.737309795026566,3.430876385026238,3.430876385026238,3.430876385026238,3.430876385026238,3.430876385026238,3.430876385026238,3.430876385026238,3.430876385026238,3.3087630411816122,3.3087630411816122,3.3087630411816122,3.3087630411816122,3.3087630411816122,3.124751246052566,3.124751246052566,3.124751246052566,3.124751246052566,3.124751246052566,3.124751246052566,3.124751246052566,3.124751246052566,3.124751246052566,3.124751246052566,3.124751246052566,3.124751246052566,3.124751246052566,3.124751246052566,3.124751246052566,3.124751246052566,3.08675698377235,3.08675698377235,2.854385971537174,2.854385971537174,2.854385971537174,2.854385971537174,2.853406482520155,2.853406482520155,2.853406482520155,2.853406482520155,2.853406482520155,2.853406482520155,2.853406482520155,2.853406482520155,2.853406482520155,2.853406482520155,2.7565375307683944,2.7565375307683944,2.7565375307683944,2.7565375307683944,2.7565375307683944,2.7565375307683944,2.7565375307683944,2.7565375307683944,2.7565375307683944,2.7565375307683944,2.7565375307683944,2.7565375307683944,2.7565375307683944,2.7565375307683944,2.7565375307683944,2.7565375307683944,2.7565375307683944,2.7565375307683944,2.7565375307683944,2.7565375307683944,2.7565375307683944,2.7565375307683944,2.7565375307683944,2.7565375307683944,2.7565375307683944,2.7565375307683944,2.7565375307683944,2.7565375307683944,2.7565375307683944,2.7565375307683944,2.7565375307683944,2.7565375307683944,2.7565375307683944,2.7565375307683944,2.7565375307683944,2.7565375307683944,2.7565375307683944,2.7565375307683944,2.7565375307683944,2.7565375307683944,2.7565375307683944,2.7565375307683944,2.7565375307683944,2.7565375307683944,2.7565375307683944,2.7565375307683944,2.7565375307683944,2.7565375307683944,2.7565375307683944,2.7565375307683944,2.7565375307683944,2.7565375307683944,2.7565375307683944,2.7565375307683944
{'pdb1': '3c9a.pdb', 'pdb2': '1jl9.pdb', 'aln': 'seq.aln.fasta', 'pop': 100, 'gen': 100, 'rec': 0.7, 'mut': 0}
4.404744874043161,4.404744874043161,4.286938773456104,4.286938773456104,4.286938773456104,3.807105470153418,3.496477606492084,3.496477606492084,3.496477606492084,3.496477606492084,3.4920600238970154,3.4920600238970154,3.4920600238970154,3.4920600238970154,3.4920600238970154,3.4920600238970154,3.4920600238970154,3.4920600238970154,3.4920600238970154,3.4920600238970154,3.4920600238970154,3.4920600238970154,3.4920600238970154,3.4920600238970154,3.4920600238970154,3.4920600238970154,3.4920600238970154,3.4920600238970154,3.4920600238970154,3.4920600238970154,3.4920600238970154,3.4920600238970154,3.4920600238970154,3.4920600238970154,3.4920600238970154,3.4920600238970154,3.4920600238970154,3.4920600238970154,3.4920600238970154,3.4920600238970154,3.4920600238970154,3.4920600238970154,3.4920600238970154,3.4920600238970154,3.4920600238970154,3.4920600238970154,3.4920600238970154,3.4920600238970154,3.4920600238970154,3.4920600238970154,3.4920600238970154,3.4920600238970154,3.4920600238970154,3.4920600238970154,3.4920600238970154,3.4920600238970154,3.4920600238970154,3.4920600238970154,3.4920600238970154,3.4920600238970154,3.4920600238970154,3.4920600238970154,3.4920600238970154,3.4920600238970154,3.4920600238970154,3.4920600238970154,3.4920600238970154,3.4920600238970154,3.4920600238970154,3.4920600238970154,3.4920600238970154,3.4920600238970154,3.4920600238970154,3.4920600238970154,3.4920600238970154,3.4920600238970154,3.4920600238970154,3.4920600238970154,3.4920600238970154,3.4920600238970154,3.4920600238970154,3.4920600238970154,3.4920600238970154,3.4920600238970154,3.4920600238970154,3.4920600238970154,3.4920600238970154,3.4920600238970154,3.4920600238970154,3.4920600238970154,3.4920600238970154,3.4920600238970154,3.4920600238970154,3.4920600238970154,3.4920600238970154,3.4920600238970154,3.4920600238970154,3.4920600238970154,3.4920600238970154,3.4920600238970154
2.910656710266248,2.910656710266248,2.910656710266248,2.8679311593834704,2.708087808175883,2.708087808175883,2.7041488551182673,2.7041488551182673,2.7041488551182673,2.7041488551182673,2.7041488551182673,2.7041488551182673,2.7041488551182673,2.7041488551182673,2.7041488551182673,2.7041488551182673,2.7041488551182673,2.7041488551182673,2.7041488551182673,2.7041488551182673,2.7041488551182673,2.7041488551182673,2.7041488551182673,2.7041488551182673,2.7041488551182673,2.7041488551182673,2.7041488551182673,2.7041488551182673,2.7041488551182673,2.7041488551182673,2.7041488551182673,2.7041488551182673,2.7041488551182673,2.7041488551182673,2.7041488551182673,2.7041488551182673,2.7041488551182673,2.7041488551182673,2.7041488551182673,2.7041488551182673,2.7041488551182673,2.7041488551182673,2.7041488551182673,2.7041488551182673,2.7041488551182673,2.7041488551182673,2.7041488551182673,2.7041488551182673,2.7041488551182673,2.7041488551182673,2.7041488551182673,2.7041488551182673,2.7041488551182673,2.7041488551182673,2.7041488551182673,2.7041488551182673,2.7041488551182673,2.7041488551182673,2.7041488551182673,2.7041488551182673,2.7041488551182673,2.7041488551182673,2.7041488551182673,2.7041488551182673,2.7041488551182673,2.7041488551182673,2.7041488551182673,2.7041488551182673,2.7041488551182673,2.7041488551182673,2.7041488551182673,2.7041488551182673,2.7041488551182673,2.7041488551182673,2.7041488551182673,2.7041488551182673,2.7041488551182673,2.7041488551182673,2.7041488551182673,2.7041488551182673,2.7041488551182673,2.7041488551182673,2.7041488551182673,2.7041488551182673,2.7041488551182673,2.7041488551182673,2.7041488551182673,2.7041488551182673,2.7041488551182673,2.7041488551182673,2.7041488551182673,2.7041488551182673,2.7041488551182673,2.7041488551182673,2.7041488551182673,2.7041488551182673,2.7041488551182673,2.7041488551182673,2.7041488551182673,2.7041488551182673
3.787501504737026,3.6793767151038708,3.6793767151038708,3.6793767151038708,3.6793767151038708,3.6793767151038708,3.555978995317454,3.555978995317454,3.555978995317454,3.5467191337593547,3.5467191337593547,3.5467191337593547,3.5467191337593547,3.5467191337593547,3.5467191337593547,3.5467191337593547,3.5467191337593547,3.5467191337593547,3.5467191337593547,3.5467191337593547,3.5467191337593547,3.5467191337593547,3.5467191337593547,3.5467191337593547,3.5467191337593547,3.5467191337593547,3.5467191337593547,3.5467191337593547,3.5467191337593547,3.5467191337593547,3.5467191337593547,3.5467191337593547,3.5467191337593547,3.5467191337593547,3.5467191337593547,3.5467191337593547,3.5467191337593547,3.5467191337593547,3.5467191337593547,3.5467191337593547,3.5467191337593547,3.5467191337593547,3.5467191337593547,3.5467191337593547,3.5467191337593547,3.5467191337593547,3.5467191337593547,3.5467191337593547,3.5467191337593547,3.5467191337593547,3.5467191337593547,3.5467191337593547,3.5467191337593547,3.5467191337593547,3.5467191337593547,3.5467191337593547,3.5467191337593547,3.5467191337593547,3.5467191337593547,3.5467191337593547,3.5467191337593547,3.5467191337593547,3.5467191337593547,3.5467191337593547,3.5467191337593547,3.5467191337593547,3.5467191337593547,3.5467191337593547,3.5467191337593547,3.5467191337593547,3.5467191337593547,3.5467191337593547,3.5467191337593547,3.5467191337593547,3.5467191337593547,3.5467191337593547,3.5467191337593547,3.5467191337593547,3.5467191337593547,3.5467191337593547,3.5467191337593547,3.5467191337593547,3.5467191337593547,3.5467191337593547,3.5467191337593547,3.5467191337593547,3.5467191337593547,3.5467191337593547,3.5467191337593547,3.5467191337593547,3.5467191337593547,3.5467191337593547,3.5467191337593547,3.5467191337593547,3.5467191337593547,3.5467191337593547,3.5467191337593547,3.5467191337593547,3.5467191337593547,3.5467191337593547
4.18942594787291,2.8539326415300375,2.8539326415300375,2.8539326415300375,2.8539326415300375,2.8539326415300375,2.8539326415300375,2.8539326415300375,2.8539326415300375,2.8539326415300375,2.8539326415300375,2.8539326415300375,2.8539326415300375,2.8539326415300375,2.8539326415300375,2.8539326415300375,2.8539326415300375,2.8539326415300375,2.8539326415300375,2.8539326415300375,2.8539326415300375,2.8539326415300375,2.8539326415300375,2.8539326415300375,2.8539326415300375,2.8539326415300375,2.8539326415300375,2.8539326415300375,2.8539326415300375,2.8539326415300375,2.8539326415300375,2.8539326415300375,2.8539326415300375,2.8539326415300375,2.8539326415300375,2.8539326415300375,2.8539326415300375,2.8539326415300375,2.8539326415300375,2.8539326415300375,2.8539326415300375,2.8539326415300375,2.8539326415300375,2.8539326415300375,2.8539326415300375,2.8539326415300375,2.8539326415300375,2.8539326415300375,2.8539326415300375,2.8539326415300375,2.8539326415300375,2.8539326415300375,2.8539326415300375,2.8539326415300375,2.8539326415300375,2.8539326415300375,2.8539326415300375,2.8539326415300375,2.8539326415300375,2.8539326415300375,2.8539326415300375,2.8539326415300375,2.8539326415300375,2.8539326415300375,2.8539326415300375,2.8539326415300375,2.8539326415300375,2.8539326415300375,2.8539326415300375,2.8539326415300375,2.8539326415300375,2.8539326415300375,2.8539326415300375,2.8539326415300375,2.8539326415300375,2.8539326415300375,2.8539326415300375,2.8539326415300375,2.8539326415300375,2.8539326415300375,2.8539326415300375,2.8539326415300375,2.8539326415300375,2.8539326415300375,2.8539326415300375,2.8539326415300375,2.8539326415300375,2.8539326415300375,2.8539326415300375,2.8539326415300375,2.8539326415300375,2.8539326415300375,2.8539326415300375,2.8539326415300375,2.8539326415300375,2.8539326415300375,2.8539326415300375,2.8539326415300375,2.8539326415300375,2.8539326415300375
3.0372991563163216,3.0372991563163216,3.0372991563163216,3.0372991563163216,3.0372991563163216,3.0372991563163216,3.0372991563163216,3.0372991563163216,3.0372991563163216,3.0372991563163216,3.0372991563163216,3.0372991563163216,3.0372991563163216,3.0372991563163216,3.0372991563163216,3.0372991563163216,3.0372991563163216,3.0372991563163216,3.0372991563163216,3.0372991563163216,3.0372991563163216,3.0372991563163216,3.0372991563163216,3.0372991563163216,3.0372991563163216,3.0372991563163216,3.0372991563163216,3.0372991563163216,3.0372991563163216,3.0372991563163216,3.0372991563163216,3.0372991563163216,3.0372991563163216,3.0372991563163216,3.0372991563163216,3.0372991563163216,3.0372991563163216,3.0372991563163216,3.0372991563163216,3.0372991563163216,3.0372991563163216,3.0372991563163216,3.0372991563163216,3.0372991563163216,3.0372991563163216,3.0372991563163216,3.0372991563163216,3.0372991563163216,3.0372991563163216,3.0372991563163216,3.0372991563163216,3.0372991563163216,3.0372991563163216,3.0372991563163216,3.0372991563163216,3.0372991563163216,3.0372991563163216,3.0372991563163216,3.0372991563163216,3.0372991563163216,3.0372991563163216,3.0372991563163216,3.0372991563163216,3.0372991563163216,3.0372991563163216,3.0372991563163216,3.0372991563163216,3.0372991563163216,3.0372991563163216,3.0372991563163216,3.0372991563163216,3.0372991563163216,3.0372991563163216,3.0372991563163216,3.0372991563163216,3.0372991563163216,3.0372991563163216,3.0372991563163216,3.0372991563163216,3.0372991563163216,3.0372991563163216,3.0372991563163216,3.0372991563163216,3.0372991563163216,3.0372991563163216,3.0372991563163216,3.0372991563163216,3.0372991563163216,3.0372991563163216,3.0372991563163216,3.0372991563163216,3.0372991563163216,3.0372991563163216,3.0372991563163216,3.0372991563163216,3.0372991563163216,3.0372991563163216,3.0372991563163216,3.0372991563163216,3.0372991563163216
{'pdb1': '3c9a.pdb', 'pdb2': '1jl9.pdb', 'aln': 'seq.aln.fasta', 'pop': 500, 'gen': 100, 'rec': 0.7, 'mut': 0.7}
2.936755397834043,2.936755397834043,2.936755397834043,2.936755397834043,2.841079605461412,2.841079605461412,2.841079605461412,2.841079605461412,2.841079605461412,2.8296904262436615,2.800751783467879,2.800751783467879,2.800751783467879,2.7999968409062395,2.7999968409062395,2.7580004364951773,2.7580004364951773,2.7398378173583087,2.7398378173583087,2.7398378173583087,2.7398378173583087,2.7398378173583087,2.7398378173583087,2.7398378173583087,2.7398378173583087,2.7398378173583087,2.7398378173583087,2.7398378173583087,2.739356295716046,2.739356295716046,2.739356295716046,2.739356295716046,2.739356295716046,2.739356295716046,2.739356295716046,2.739356295716046,2.739356295716046,2.739356295716046,2.739356295716046,2.7258062207688645,2.7258062207688645,2.7258062207688645,2.7258062207688645,2.7258062207688645,2.7258062207688645,2.7258062207688645,2.7258062207688645,2.7258062207688645,2.7258062207688645,2.7258062207688645,2.7258062207688645,2.7165487681607385,2.7165487681607385,2.7165487681607385,2.7165487681607385,2.7165487681607385,2.7165487681607385,2.7165487681607385,2.7165487681607385,2.7165487681607385,2.7165487681607385,2.7165487681607385,2.7165487681607385,2.7165487681607385,2.7165487681607385,2.7165487681607385,2.7165487681607385,2.7165487681607385,2.7165487681607385,2.7165487681607385,2.7165487681607385,2.7165487681607385,2.7165487681607385,2.7165487681607385,2.7165487681607385,2.7165487681607385,2.7165487681607385,2.7165487681607385,2.7165487681607385,2.7165487681607385,2.7165487681607385,2.7165487681607385,2.7165487681607385,2.7165487681607385,2.7165487681607385,2.7165487681607385,2.7165487681607385,2.7165487681607385,2.7165487681607385,2.7165487681607385,2.7165487681607385,2.7165487681607385,2.7165487681607385,2.7165487681607385,2.7165487681607385,2.7165487681607385,2.7165487681607385,2.7165487681607385,2.7165487681607385,2.7165487681607385
2.9328052714382293,2.9007167134876357,2.9007167134876357,2.9007167134876357,2.9007167134876357,2.9007167134876357,2.9007167134876357,2.9007167134876357,2.9007167134876357,2.821948602924056,2.821948602924056,2.788865391065079,2.788865391065079,2.788865391065079,2.788865391065079,2.788865391065079,2.788865391065079,2.788865391065079,2.788865391065079,2.7765519917340282,2.7675530335542824,2.7675530335542824,2.7675530335542824,2.7675530335542824,2.7675530335542824,2.7675530335542824,2.7675530335542824,2.7675530335542824,2.7675530335542824,2.7675530335542824,2.742805817740184,2.738203052275888,2.738203052275888,2.738203052275888,2.727822204944199,2.727822204944199,2.727822204944199,2.727822204944199,2.727822204944199,2.7273546150902237,2.7273546150902237,2.7273546150902237,2.7215990817431273,2.7215990817431273,2.7215990817431273,2.7215990817431273,2.7215990817431273,2.7215990817431273,2.7215990817431273,2.7215990817431273,2.7215990817431273,2.7215990817431273,2.7215990817431273,2.7215990817431273,2.7215990817431273,2.7215990817431273,2.7215990817431273,2.7215990817431273,2.7215990817431273,2.7215990817431273,2.7215990817431273,2.7215990817431273,2.7215990817431273,2.7215990817431273,2.7215990817431273,2.7215990817431273,2.7215990817431273,2.7215990817431273,2.7215990817431273,2.7215990817431273,2.7215990817431273,2.7215990817431273,2.7215990817431273,2.7215990817431273,2.7215990817431273,2.7215990817431273,2.7215990817431273,2.7215990817431273,2.7215990817431273,2.7215990817431273,2.7048809207386606,2.7048809207386606,2.7048809207386606,2.7048809207386606,2.7048809207386606,2.7048809207386606,2.7048809207386606,2.7048809207386606,2.7048809207386606,2.7036411243005762,2.7035415743631925,2.7035415743631925,2.7035415743631925,2.7035415743631925,2.7035415743631925,2.7035415743631925,2.7035415743631925,2.7035415743631925,2.7035415743631925,2.7035415743631925
2.839464230763473,2.839464230763473,2.839464230763473,2.839464230763473,2.839464230763473,2.839464230763473,2.839464230763473,2.7850943631853338,2.7850943631853338,2.7850943631853338,2.7850943631853338,2.7850943631853338,2.7812440512778327,2.751813671500381,2.751813671500381,2.751813671500381,2.751813671500381,2.751813671500381,2.7427727815145215,2.7427727815145215,2.7427727815145215,2.7427727815145215,2.7427727815145215,2.7427727815145215,2.7427727815145215,2.7427727815145215,2.7427727815145215,2.7427727815145215,2.7427727815145215,2.7427727815145215,2.725878785991512,2.725878785991512,2.725878785991512,2.725878785991512,2.725878785991512,2.7171440259680706,2.7171440259680706,2.7171440259680706,2.7171440259680706,2.7171440259680706,2.7171440259680706,2.7171440259680706,2.7171440259680706,2.7171440259680706,2.7171440259680706,2.7171440259680706,2.7171440259680706,2.7171440259680706,2.7164494286544874,2.7164494286544874,2.7164494286544874,2.7164494286544874,2.7164494286544874,2.7164494286544874,2.7164494286544874,2.7164494286544874,2.7164494286544874,2.7164494286544874,2.7164494286544874,2.7164494286544874,2.7164494286544874,2.7164494286544874,2.710725625851414,2.710725625851414,2.707345554943898,2.707345554943898,2.707345554943898,2.707345554943898,2.707345554943898,2.707345554943898,2.707345554943898,2.707345554943898,2.707345554943898,2.707345554943898,2.707345554943898,2.707345554943898,2.707345554943898,2.707345554943898,2.707345554943898,2.707345554943898,2.707345554943898,2.707345554943898,2.707345554943898,2.707345554943898,2.707345554943898,2.707345554943898,2.707345554943898,2.707345554943898,2.707345554943898,2.707345554943898,2.707345554943898,2.707345554943898,2.707345554943898,2.707345554943898,2.707345554943898,2.707345554943898,2.707345554943898,2.707345554943898,2.707345554943898,2.707345554943898
2.9281183117896386,2.9281183117896386,2.833074882118031,2.833074882118031,2.782550072102601,2.782550072102601,2.782550072102601,2.782550072102601,2.782550072102601,2.782550072102601,2.774449616354637,2.7727328108505915,2.738501413719208,2.738501413719208,2.738501413719208,2.738501413719208,2.738501413719208,2.707974769698764,2.707974769698764,2.707974769698764,2.707974769698764,2.707974769698764,2.707974769698764,2.707974769698764,2.707974769698764,2.707974769698764,2.707974769698764,2.7076216588407913,2.7076216588407913,2.7076216588407913,2.7076216588407913,2.7076216588407913,2.7076216588407913,2.7076216588407913,2.7076216588407913,2.7076216588407913,2.7076216588407913,2.7076216588407913,2.7076216588407913,2.7076216588407913,2.7076216588407913,2.7076216588407913,2.7076216588407913,2.7076216588407913,2.7076216588407913,2.7076216588407913,2.7076216588407913,2.7076216588407913,2.7076216588407913,2.7076216588407913,2.7076216588407913,2.7076216588407913,2.7076216588407913,2.7076216588407913,2.7076216588407913,2.7076216588407913,2.7076216588407913,2.7076216588407913,2.7076216588407913,2.7076216588407913,2.7076216588407913,2.7076216588407913,2.7076216588407913,2.7076216588407913,2.7076216588407913,2.7076216588407913,2.7076216588407913,2.7076216588407913,2.7076216588407913,2.7076216588407913,2.7076216588407913,2.7076216588407913,2.7076216588407913,2.7076216588407913,2.7076216588407913,2.7076216588407913,2.7076216588407913,2.7076216588407913,2.7076216588407913,2.7076216588407913,2.7076216588407913,2.7076216588407913,2.7076216588407913,2.7076216588407913,2.707471738700118,2.707471738700118,2.707471738700118,2.707471738700118,2.707471738700118,2.707471738700118,2.707471738700118,2.707471738700118,2.707471738700118,2.7066634130200296,2.7066634130200296,2.704178603982623,2.704178603982623,2.704178603982623,2.704178603982623,2.7035831813827182
2.846878384264572,2.846878384264572,2.846878384264572,2.846878384264572,2.795873706418776,2.795873706418776,2.795873706418776,2.795873706418776,2.795873706418776,2.795873706418776,2.7264717375706677,2.7264717375706677,2.7264717375706677,2.7264717375706677,2.7264717375706677,2.7264717375706677,2.7264717375706677,2.7264717375706677,2.7264717375706677,2.7264717375706677,2.7264717375706677,2.7264717375706677,2.7264717375706677,2.714192856131596,2.714192856131596,2.714192856131596,2.714192856131596,2.714192856131596,2.714192856131596,2.714192856131596,2.714192856131596,2.714192856131596,2.714192856131596,2.714192856131596,2.714192856131596,2.714192856131596,2.714192856131596,2.714192856131596,2.714192856131596,2.714192856131596,2.714192856131596,2.714192856131596,2.714192856131596,2.714192856131596,2.714192856131596,2.714192856131596,2.714192856131596,2.714192856131596,2.714192856131596,2.714192856131596,2.714192856131596,2.714192856131596,2.714192856131596,2.714192856131596,2.714192856131596,2.714192856131596,2.714192856131596,2.714192856131596,2.714192856131596,2.714192856131596,2.714192856131596,2.714192856131596,2.714192856131596,2.714192856131596,2.714192856131596,2.714192856131596,2.714192856131596,2.714192856131596,2.714192856131596,2.714192856131596,2.714192856131596,2.714192856131596,2.714192856131596,2.714192856131596,2.714192856131596,2.714192856131596,2.714192856131596,2.714192856131596,2.714192856131596,2.714192856131596,2.714192856131596,2.714192856131596,2.714192856131596,2.714192856131596,2.714192856131596,2.714192856131596,2.714192856131596,2.714192856131596,2.714192856131596,2.714192856131596,2.714192856131596,2.714192856131596,2.714192856131596,2.714192856131596,2.714192856131596,2.714192856131596,2.714192856131596,2.714192856131596,2.714192856131596,2.714192856131596
{'pdb1': '3c9a.pdb', 'pdb2': '1jl9.pdb', 'aln': 'seq.aln.fasta', 'pop': 500, 'gen': 100, 'rec': 0.7, 'mut': 0.7}
2.8856292757095487,2.3176751404897273,2.247744630473923,2.247744630473923,2.247744630473923,2.247744630473923,2.220408456521296,2.1456751966081833,2.0802450432523463,2.043964371537244,2.043964371537244,1.964199300178336,1.964199300178336,1.964199300178336,1.9611994242511572,1.9611994242511572,1.9611994242511572,1.9611994242511572,1.9611994242511572,1.9239428129359302,1.9239428129359302,1.9239428129359302,1.9021841327172226,1.9021841327172226,1.9021841327172226,1.9021841327172226,1.9021841327172226,1.8803529254096576,1.8803529254096576,1.8803529254096576,1.8803529254096576,1.8803529254096576,1.8803529254096576,1.8803529254096576,1.8803529254096576,1.8803529254096576,1.8803529254096576,1.8803529254096576,1.8803529254096576,1.8803529254096576,1.8803529254096576,1.8803529254096576,1.8803529254096576,1.8803529254096576,1.8803529254096576,1.8803529254096576,1.8803529254096576,1.8803529254096576,1.8803529254096576,1.8803529254096576,1.8803529254096576,1.8803529254096576,1.8803529254096576,1.8803529254096576,1.8803529254096576,1.8803529254096576,1.8803529254096576,1.8803529254096576,1.8803529254096576,1.8803529254096576,1.8803529254096576,1.8803529254096576,1.8799490529817109,1.8799490529817109,1.8799490529817109,1.8799490529817109,1.8799490529817109,1.8799490529817109,1.8799490529817109,1.8799490529817109,1.8799490529817109,1.8799490529817109,1.8799490529817109,1.8799025546489585,1.8799025546489585,1.8799025546489585,1.879703739458796,1.879703739458796,1.879703739458796,1.879703739458796,1.879703739458796,1.879703739458796,1.879703739458796,1.879703739458796,1.879703739458796,1.879703739458796,1.8782832248000993,1.8782832248000993,1.8782832248000993,1.8782832248000993,1.8782832248000993,1.8782832248000993,1.8782832248000993,1.8782832248000993,1.8782832248000993,1.8782832248000993,1.8782832248000993,1.8782832248000993,1.8782832248000993,1.8782832248000993
2.0344912414315277,2.0344912414315277,2.0344912414315277,2.0344912414315277,2.0344912414315277,2.0344912414315277,1.9232520162159517,1.9232520162159517,1.9232520162159517,1.9212217300983638,1.9212217300983638,1.9212217300983638,1.9212217300983638,1.9212217300983638,1.9212217300983638,1.888967397102562,1.888967397102562,1.888967397102562,1.888967397102562,1.888967397102562,1.8830283862953219,1.8830283862953219,1.8830283862953219,1.8830283862953219,1.8830283862953219,1.8830283862953219,1.8830283862953219,1.8830283862953219,1.8830283862953219,1.8830283862953219,1.8830283862953219,1.8830283862953219,1.8830283862953219,1.8827174327863685,1.8827174327863685,1.8827174327863685,1.8827174327863685,1.8827174327863685,1.8827174327863685,1.8827174327863685,1.8827174327863685,1.8827174327863685,1.8827174327863685,1.8827174327863685,1.8827174327863685,1.8827174327863685,1.8827174327863685,1.8827174327863685,1.8827174327863685,1.8827174327863685,1.8827174327863685,1.8827174327863685,1.8827174327863685,1.8827174327863685,1.8827174327863685,1.8827174327863685,1.8827174327863685,1.8819543026453445,1.8819543026453445,1.8819543026453445,1.8819543026453445,1.8819543026453445,1.8819543026453445,1.8819543026453445,1.8819543026453445,1.8819543026453445,1.8819543026453445,1.8819543026453445,1.8819543026453445,1.8819543026453445,1.8819543026453445,1.8819543026453445,1.879815255884629,1.8791618805454535,1.8791618805454535,1.8791618805454535,1.8791618805454535,1.8791618805454535,1.8791618805454535,1.8791618805454535,1.8791618805454535,1.8791618805454535,1.8791618805454535,1.8791618805454535,1.8791618805454535,1.8791618805454535,1.8791618805454535,1.8791618805454535,1.8791618805454535,1.8791618805454535,1.8791618805454535,1.8791618805454535,1.8791618805454535,1.8791618805454535,1.8791618805454535,1.8791618805454535,1.8791618805454535,1.8791618805454535,1.8791618805454535,1.8791618805454535
2.756237588560044,1.89693561150061,1.89693561150061,1.89693561150061,1.89693561150061,1.89693561150061,1.89693561150061,1.89693561150061,1.8967049994747203,1.89265843284019,1.89265843284019,1.8918022198780489,1.8867919980368342,1.8867919980368342,1.8867919980368342,1.8867919980368342,1.8867919980368342,1.8867919980368342,1.8867919980368342,1.8867919980368342,1.8867919980368342,1.8867919980368342,1.8867919980368342,1.8867919980368342,1.8867919980368342,1.8867919980368342,1.8867919980368342,1.8867919980368342,1.8867919980368342,1.8867919980368342,1.8867919980368342,1.8867919980368342,1.8867919980368342,1.8866124922160241,1.8866124922160241,1.8866124922160241,1.8866124922160241,1.8866124922160241,1.8842202159951278,1.8842202159951278,1.8842202159951278,1.8842202159951278,1.8842202159951278,1.8818067910688183,1.8818067910688183,1.8818067910688183,1.8818067910688183,1.8818067910688183,1.8818067910688183,1.8818067910688183,1.8818067910688183,1.8818067910688183,1.8782033538552931,1.8782033538552931,1.8782033538552931,1.8782033538552931,1.8782033538552931,1.8782033538552931,1.8782033538552931,1.8782033538552931,1.8782033538552931,1.8782033538552931,1.8782033538552931,1.8782033538552931,1.8782033538552931,1.8782033538552931,1.8782033538552931,1.8782033538552931,1.8782033538552931,1.8782033538552931,1.8782033538552931,1.8782033538552931,1.8782033538552931,1.8782033538552931,1.8782033538552931,1.8782033538552931,1.8782033538552931,1.8782033538552931,1.8782033538552931,1.8782033538552931,1.8782033538552931,1.8782033538552931,1.8782033538552931,1.8782033538552931,1.8782033538552931,1.8782033538552931,1.8782033538552931,1.8782033538552931,1.8782033538552931,1.8782033538552931,1.8782033538552931,1.8782033538552931,1.8778223439069581,1.8778223439069581,1.8778223439069581,1.8778223439069581,1.8778223439069581,1.8778223439069581,1.8778223439069581,1.8778223439069581
2.5747110694573196,2.2816313875148726,2.198222557203097,2.198222557203097,2.198222557203097,2.198222557203097,2.198222557203097,2.198222557203097,2.056628413248628,2.056628413248628,1.9450280234808464,1.9450280234808464,1.9450280234808464,1.9340776450827153,1.9340776450827153,1.9340776450827153,1.9340776450827153,1.9340776450827153,1.9340776450827153,1.9340776450827153,1.9340776450827153,1.9041187380310522,1.9041187380310522,1.9041187380310522,1.9041187380310522,1.8894398709096374,1.8894398709096374,1.8894398709096374,1.8894398709096374,1.8894398709096374,1.8894398709096374,1.8894398709096374,1.8894398709096374,1.8894398709096374,1.8894398709096374,1.8894398709096374,1.8894398709096374,1.8894398709096374,1.8894398709096374,1.8894398709096374,1.8894398709096374,1.8894398709096374,1.8894398709096374,1.8894398709096374,1.8894398709096374,1.8894398709096374,1.8894398709096374,1.8894398709096374,1.8894398709096374,1.8888010893513072,1.8888010893513072,1.8888010893513072,1.8888010893513072,1.8888010893513072,1.8888010893513072,1.8888010893513072,1.8862003474227542,1.8862003474227542,1.880525719358239,1.880525719358239,1.880525719358239,1.880525719358239,1.880525719358239,1.880525719358239,1.880525719358239,1.880525719358239,1.8784833501339173,1.8784833501339173,1.8784833501339173,1.8784833501339173,1.8784833501339173,1.8784833501339173,1.8784833501339173,1.8779613945209732,1.8779613945209732,1.8779613945209732,1.8779613945209732,1.8779613945209732,1.8779613945209732,1.8779613945209732,1.8779613945209732,1.8779613945209732,1.8779613945209732,1.8779613945209732,1.8779613945209732,1.8779613945209732,1.8779613945209732,1.8779613945209732,1.8779613945209732,1.8779613945209732,1.8779613945209732,1.8779613945209732,1.8779613945209732,1.8779613945209732,1.8779613945209732,1.8779613945209732,1.8779613945209732,1.8779613945209732,1.8779613945209732,1.8779613945209732
2.6615074328185946,2.548487659298248,2.1332359084721335,2.1332359084721335,2.123388201125939,2.123388201125939,2.1138869551630832,2.0652597204060017,2.0652597204060017,2.0652597204060017,2.0652597204060017,1.9518937107506904,1.9518937107506904,1.9518937107506904,1.9518937107506904,1.9518937107506904,1.9518937107506904,1.9518937107506904,1.9518937107506904,1.9518937107506904,1.9504193213018228,1.9504193213018228,1.9504193213018228,1.9474494797273967,1.9312992151258583,1.9312992151258583,1.9100401287884754,1.9100401287884754,1.9100401287884754,1.9100401287884754,1.9001055217363114,1.9001055217363114,1.9001055217363114,1.9001055217363114,1.9001055217363114,1.9001055217363114,1.9001055217363114,1.9001055217363114,1.9001055217363114,1.9001055217363114,1.9001055217363114,1.9001055217363114,1.9001055217363114,1.9001055217363114,1.9001055217363114,1.9001055217363114,1.9001055217363114,1.9001055217363114,1.9001055217363114,1.8964705211052706,1.8964705211052706,1.8964705211052706,1.8958043105699625,1.8916851920484974,1.8916851920484974,1.8916851920484974,1.8916851920484974,1.8916851920484974,1.8916851920484974,1.8916851920484974,1.8916851920484974,1.8916851920484974,1.8916851920484974,1.8916851920484974,1.8916851920484974,1.8916851920484974,1.8916851920484974,1.8916851920484974,1.8916851920484974,1.8916851920484974,1.8916851920484974,1.8916851920484974,1.8916851920484974,1.8916851920484974,1.8872754201054347,1.8872754201054347,1.8872754201054347,1.8872754201054347,1.8872754201054347,1.8872754201054347,1.8872754201054347,1.8872754201054347,1.8872754201054347,1.8872754201054347,1.8872754201054347,1.8870078905173175,1.8870078905173175,1.8870078905173175,1.8870078905173175,1.8870078905173175,1.8870078905173175,1.8870078905173175,1.8870078905173175,1.8870078905173175,1.8869544334263637,1.8823381429918473,1.8823381429918473,1.8823381429918473,1.8823381429918473,1.8823381429918473
